{"cameraMode":{"drawMode":0,"name":"Shaded","section":"Shading Mode"},"sceneLighting":true,"audioPlay":false,"sceneViewState":{"m_AlwaysRefresh":false,"showFog":true,"showSkybox":true,"showFlares":true,"showImageEffects":true,"showParticleSystems":true,"showVisualEffectGraphs":true,"m_FxEnabled":true},"in2DMode":false,"pivot":{"x":-0.2917964458465576,"y":1.9295551776885987,"z":0.4124864339828491},"rotation":{"x":0.052317287772893909,"y":0.9003217816352844,"z":-0.11295963078737259,"w":0.4170571565628052},"size":1.8544052839279175,"orthographic":true}