{"cameraMode":{"drawMode":0,"name":"Shaded","section":"Shading Mode"},"sceneLighting":true,"audioPlay":false,"sceneViewState":{"m_AlwaysRefresh":false,"showFog":true,"showSkybox":true,"showFlares":true,"showImageEffects":true,"showParticleSystems":true,"showVisualEffectGraphs":true,"m_FxEnabled":true},"in2DMode":false,"pivot":{"x":-1.7780790328979493,"y":2.3638968467712404,"z":1.6084003448486329},"rotation":{"x":-0.03744358941912651,"y":0.8463491797447205,"z":-0.06003017723560333,"w":-0.5279093384742737},"size":2.6275203227996828,"orthographic":false}